"tenant","primary_name","seconday_name","customer_name","division_name","streetaddress","city","state","country","zip","phone1","phone2","fax1"
"sievert","Sievert Electric",,"SCA TISSUE","SCA TISSUE - ALSIP IL.","13101 S. PULASKI","ALSIP","IL",,,"7088240956",,
"sievert","Sievert Electric",,"CRAFTSMAN CUSTOM METALS","CRAFTSMAN/SCHILLER PARK","3838 N. RIVER ROAD","SCHILLER PARK","IL",,"60176","8477387535",,
"sievert","Sievert Electric",,"MIDDLEBY SYSTEMS GROUP","MIDDLEBY/ELGIN","1400 TOASTMASTER DRIVE","ELGIN","IL",,"60120","8477413300",,
"sievert","Sievert Electric",,"MCKINNEY STEEL","MCKINNEY / ZION","813 29TH STREET","ZION","IL",,"60090","8477463344",,
"sievert","Sievert Electric",,"MONARCH TOOL & DIE","MONARCH / ELMHURST","862 INDUSTRIAL DRIVE","ELMHURST","IL",,"60126","6305308886",,
"sievert","Sievert Electric",,"MONSANTO","MONSANTO  /ASHTON","PO.BOX 170","ASHTON","IL",,"61006","8154532000",,
"sievert","Sievert Electric",,"MID-AMERICA","MID-AMERICA/ELMHURST","625 S. RT. 83","ELMHURST","IL",,"60126","6308344390",,
"sievert","Sievert Electric",,"MEYERCORD REVENUE","MEYERCORD / CAROL STREAM","475 VILLAGE DRIVE","CAROL STRAEM","IL",,"60188","6306826223",,
"sievert","Sievert Electric",,"MEYER TOOL & MFG.","MEYER TOOL / OAK LAWN","4601 S.W. HWY.","OAK LAWN","IL",,"60453","7084252600",,
"sievert","Sievert Electric",,"MARENGO TOWNSHIP HIGHWAY DEPT.","MARENGO TOWNSHIP","4010 N. RT23","MARENGO","IL",,"60152","8155688636",,
"sievert","Sievert Electric",,"METROPOLITAN WATER RECLAMATION","6001 PERSHING","6001 PERSHING ROAD","CHICAGO","AL",,"60804","3127516116",,
"sievert","Sievert Electric",,"METROPOLITAN WATER RECLAMATION","EGAN","550 S. MEACHAM","SCHAUMBURG","IL",,"60193","8475845457",,
"sievert","Sievert Electric",,"METROPOLITAN WATER RECLAMATION","NORTHSIDE WRP","3500 W. HOWARD STREET","SKOKIE","IL",,"60076","3127515600",,
"sievert","Sievert Electric",,"METROPOLITAN WATER RECLAMATION","CALUMET","400 E. 130TH STREET","CHICAGO","IL",,"60628","7732563566",,
"sievert","Sievert Electric",,"NAZ-DAR","NAZ-DAR/CHICAGO","1087 N. NORTHBRANCH","CHICAGO","IL",,"60602","3129438338",,
"sievert","Sievert Electric",,"SIGNODE CORP.","SPECIALTY  PRODUCTS BUILDING","7701 W.71ST STREET","BRIDGEVIEW","IL",,"60455","7084587320",,
"sievert","Sievert Electric",,"KEMLITE CO. INC.","KEMLITE CO.INC.","23525 W.EAMES","CHANNAHON","IL",,"60410","0",,
"sievert","Sievert Electric",,"A.G.S. TECHNOLOGIES","SCHAUMBURG","2015 MITCHELL BLVD.","SCHAUMBURG","IL",,"60193","8475346600",,
"sievert","Sievert Electric",,"AQUION PARTNERS","ELK GROVE","2080 E. LUNT AVENUE","ELK GROVE VILLAGE","IL",,"60007","8477585998",,
"sievert","Sievert Electric",,"ANDREW CORPORATION","TINLEY PARK","7700 GRAPHICS DRIVE","TINLEY PARK","IL",,"60477","7083493300",,
"sievert","Sievert Electric",,"ALPHARMA","CHICAGO HEIGHTS","400 STATE STREET","CHICAGO HEIGHTS","IL",,"60411","2019477774",,
"sievert","Sievert Electric",,"CENTRAL AVIAN & SMALL ANIMALS","ELK GROVE","2121 TOUHY AVENUE","ELK GROVE VILLAGE","IL",,"60007","8479566340",,
"sievert","Sievert Electric",,"ATMI PRECAST","AURORA","930 RIDGEWAY","AURORA","IL",,"60506","6308970577",,
"sievert","Sievert Electric",,"DIXON BRASS","WESTMONT-AMER. COUPLING","40 CHESTNUT AVE.","WESTMONT","IL",,"60555","6303233306",,
"sievert","Sievert Electric",,"CHICAGO SEA RAY","SEA RAY/ROUND LAKE","31535 N. HIGHWAY 12","ROUND LAKE","IL",,"60073","0",,
"sievert","Sievert Electric",,"CITY OF LA SALLE","LA SALLE/CITY OF","745 2ND STREET","LA SALLE","IL",,"61301","0",,
"sievert","Sievert Electric",,"C.T.A. RAIL MAINT.","WATERTOWN","23557 NYS ROUTE 37","WATERTOWN","NY",,"13601","3157828661",,
"sievert","Sievert Electric",,"AMERICAN AIRLINES, INC.","O'HARE FIELD","O'HARE INTERNATIONAL AIRPORT, P.O. BOX 66033, FACILITIES MAINTENANCE","CHICAGO","IL",,"60666","3126864467",,
"sievert","Sievert Electric",,"BURLINGTON NORTHERN RAILROAD","BURLINGTON/ 14TH STREET","432 W. 14TH STREET","CHICAGO","IL",,"60607","0",,
"sievert","Sievert Electric",,"BIMBA MANUFACTURING","MANTENO/BIMBA","500 S. SPRUCE STREET","MANTENO","IL",,"60950","8154683867",,
"sievert","Sievert Electric",,"BIMBA MANUFACTURING","MONEE/BIMBA","25150 GOVERNORS WAY","MONEE","IL",,"60449","7085347489",,
"sievert","Sievert Electric",,"CYGNUS CORPORATION","CYGNUS / CHICAGO","340 E. 138TH STREET","CHICAGO","IL",,"60827","0",,
"sievert","Sievert Electric",,"COMET DIE & ENGRAVING","COMET / ELMHURST","909 LARCH AVENUE","ELMHURST","IL",,"60126","0",,
"sievert","Sievert Electric",,"FOX METRO WATER RECLAMATION","FOX / OSWEGO","682 ROUTE 31","OSWEGO","IL",,"60543","6303278935",,
"sievert","Sievert Electric",,"IPCC","IPCC/LAKE FOREST","28468 N. BALLARD","LAKE FOREST","IL",,"60045","8472311111",,
"sievert","Sievert Electric",,"IMPERIAL","IMPERIAL/NILES","6300 W. HOWARD SREET","NILES","IL",,"60714","8475813359",,
"sievert","Sievert Electric",,"IDOT","IDOT/ELK GROVE","1101 BIESTERFIELD ROAD","ELK GROVE","IL",,"60007","0",,
"sievert","Sievert Electric",,"IDOT","IDOT/MC COOK","JOLIET ROAD &1ST AVE","MC COOK","IL",,"60525","0",,
"sievert","Sievert Electric",,"IDOT","IDOT/ HILLSIDE","EAST AVE. & MAY STREET","HILLSIDE","IL",,"60162","7085449372",,
"sievert","Sievert Electric",,"IDOT","IDOT/CHICAGO","5027 N. CENTRAL AVE.","CHICAGO","IL",,"60630","7737254733",,
"sievert","Sievert Electric",,"HEINZ NORTH AMERICA","HEINZ-NORHBROOK","2301 SHERMER ROAD","NORHBROOK","IL",,"60062","8472914593",,
"sievert","Sievert Electric",,"JACK FROST IRON WORKS","JACK FROST/FOX LAKE","PO BOX 191","FOX LAKE","IL",,"60020","8475876068",,
"sievert","Sievert Electric",,"T.J. LAAMBRECHT CONSTRUCTION","T.J. / JOLIET","10 GALLAGHER ROAD","JOILIET","IL",,"60432","6302936369",,
"sievert","Sievert Electric",,"MIDWAY WIRE, INC.","MIDWAY HOUSE CRANE SYSTEMS","4630 W. 55TH STREET","CHICAGO","IL",,"60632","7738413227",,
"sievert","Sievert Electric",,"AREA CONSTRUCTION","AURORA","1601 EMILY LANE","AURORA","IL",,"60504","6309787800",,
"sievert","Sievert Electric",,"MIDWAY WIRE, INC.","HOUSE MONORAIL CRANES","4630 W. 55TH STREET","CHICAGO","IL",,"60632","7737672500",,
"sievert","Sievert Electric",,"BYUS CONSTRUCTION STEEL FAB.","BYUS / BATAVIA","1750 HUBBARD DRIVE","BATAVIA","IL",,"60560","6308792200",,
"sievert","Sievert Electric",,"CENTRAL CAN COMPANY","CENTRAL CAN /CHICAGO","3200 S. KILBOURN","CHICAGO","IL",,"60623","7732548700",,
"sievert","Sievert Electric",,"ACCU-TEC SYSTEMS, INC","ACCU-TEC/ELK GROVE","2121 TOUGHY AVENUE","ELK GROVE VILLAGE","IL",,"60007","6307711600",,
"sievert","Sievert Electric",,"ACCURATE DISPERSIONS","ACCURATE / SOUTH HOLLAND","192 W. 155TH STREET","SOUTH HOLLAND","IL",,"60473","7083330471",,
"sievert","Sievert Electric",,"IDOT","IDOT/ARL. HTS","210 E. NOYES","ARLINGTON HEIGHTS","IL",,"60005","8474390100",,
"sievert","Sievert Electric",,"CREATIVE CONTRACT PACKAGING","CREATIVE/AURORA","3777 EXCHANGE AVENUE","AURORA","IL",,"60504","0",,
"sievert","Sievert Electric",,"CRAGIN METALS","CRAGIN/CHICAGO","2900 KEARSARGE","CHICAGO","IL",,"60641","0",,
"sievert","Sievert Electric",,"DOMINICKS FINER FOODS","DOMINICKS/NORTHLAKE","PO BOX 9249, MAIL STOP 1845","OAK BROOK","IL",,"60522","0",,
"sievert","Sievert Electric",,"EN-CHRO PLATING LTD.","EN-CHRO/MELROSE","2755 W. LAKE STREET","MELROSE PARK","IL",,"60160","7084501250",,
"sievert","Sievert Electric",,"CALLEN MFG. CORP.","NORTHLAKE","13 E. LAKE STREET","NORTHLAKE","IL",,"60164","7083450400",,
"sievert","Sievert Electric",,"LYON WORKSPACE PRODUCTS","LYON / MONTGOMERY","420 N. MAIN STREET","MONTGOMERY","IL",,"60538","6309390929",,
"sievert","Sievert Electric",,"CUDNER & O'CONNER","CUDNER/ KINZIE","4035 W. KINZIE","CHICAGO","IL",,"60624","0",,
"sievert","Sievert Electric",,"CITY OF AURORA","AURORA/CITY OF","720 N. BROADWAY","AURORA","IL",,"60505","0",,
"sievert","Sievert Electric",,"CHICAGO FAUCET COMPANY","CHI. FAUCET","2100 S. CLEARWATER DRIVE","DES PLAINES","IL",,"60018","0",,
"sievert","Sievert Electric",,"DAVIES MOLDING COMPANY","DAVIES/CAROL STREAM","350 E. KEHOE BLVD.","CAROL STREAM","IL",,"60188","0",,
"sievert","Sievert Electric",,"ECO-LAB","ECO-LAB/S.BELOIT","2450 20TH STREET","SOUTH BELOIT","IL",,,"0",,
"sievert","Sievert Electric",,"SYMRISE","SYMRISE/SKOKIE","3720 TOUHY AVENUE","SKOKIE","IL",,"60076","8476769972",,
"sievert","Sievert Electric",,"GROBAN SUPPLY","GROBAN/CHICAGO","9300 S. DREXEL","CHICAGO","IL",,"60619","7733746900",,
"sievert","Sievert Electric",,"GLENBARD WASTE WATER","GLENBARD WASTE","21 W. 551 BEMIS ROAD","GLEN ELLYN","IL",,"60137","6308588119",,
"sievert","Sievert Electric",,"GUS BERTHOLD COMPANY","BERTHOLD/CHICAGO","1900 W. CARROLL","CHICAGO","IL",,"60612","3122433641",,
"sievert","Sievert Electric",,"GENERAL SURFACE HARDENING","GENRAL SURFACE/ CHICAGO","2108 W. FULTON","CHICAGO","IL",,"60612","3122265472",,
"sievert","Sievert Electric",,"GEARS & SPROCKETS","GEARS & SPROCKETS/BROADVIEW","2625 W. 16TH STREET","BROADVIEW","IL",,"60153","7084762298",,
"sievert","Sievert Electric",,"LUNT MFG.","LUNT / HAMPSHIRE","200 BRANDT DRIVE","HAMPSHIRE","IL",,"60140","8476831234",,
"sievert","Sievert Electric",,"LUNT MFG.","LUNT / SCHAUMBURG","601 W. LUNT AVE.","SCHAUMBURG","IL",,"60193","8475245542",,
"sievert","Sievert Electric",,"LAYSTROM MFG.","LAYSTROM/CHICAGO","3900 W. PALMER","CHICAGO","IL",,"60647","7733424800",,
"sievert","Sievert Electric",,"LAWRENCE & FREDRICK INC.","LAWRENCE & FREDRICKS/STREAMWOO","411 NORTH INC.","STREAMWOOD","IL",,"60107","6302898300",,
"sievert","Sievert Electric",,"LEAR CORPORATION","LEAR/JANESVILLE","3708 ENTERPRISE DRIVE","JANESVILLE","WI",,"53546","6082952346",,
"sievert","Sievert Electric",,"LAB-LINE INSTRUMENT","LAB-LINE/MELROSE","1999 N. 15TH AVENUE","MELROSE PARK","IL",,"60160","7084502600",,
"sievert","Sievert Electric",,"ARNOLD ENGINEERING","MARENGO","300 WEST STREET","MARENGO","IL",,"60152","8155682201",,
"sievert","Sievert Electric",,"ACE HARDWARE","CHICAGO HEIGHTS","290 E. JOE ORR ROAD","CHICAGO HEIGHTS","IL",,"60411","7087200600",,
"sievert","Sievert Electric",,"ACE HARDWARE","MATTESON","21901 S. CENTRAL AVENUE","MATTESON","IL",,"60443","7087200600",,
"sievert","Sievert Electric",,"ARNOLD ENGINEERING","MARENGO","300 WEST STREET","MARENGO","IL",,"60152","8155682201",,
"sievert","Sievert Electric",,"ANDREW CORPORATION","ORLAND PARK","10500 W. 153RD STREET","ORLAND PARK","IL",,"60462","7083495970",,
"sievert","Sievert Electric",,"ALDI FOODS","ALDI-BATAVIA","1200 N. KIRK ROAD","BATAVIA","IL",,"60510","6307612431",,
"sievert","Sievert Electric",,"ACCURATE PERFORATING","ACCURATE/ CHICAGO","3636 S. KEDZIE AVENUE","CHICAGO","IL",,"60632","0",,
"sievert","Sievert Electric",,"A.G.S. TECHNOLOGIES","AGS / SCHAUMBURG","2015 MITCHELL BLVD.","SCHAUMBURG","IL",,"60193","0",,
"sievert","Sievert Electric",,"INX","INX/WEST CHICAGO","1860 WESTERN DRIVE","WEST CHICAGO","IL",,"60185","6302934375",,
"sievert","Sievert Electric",,"U.S. POSTAL SERVICE","POST OFFICE/IRVING PARK","11560 W. IRVING PARK ROAD","CHICAGO","IL",,"60701","7738941151",,
"sievert","Sievert Electric",,"U.S. POSTAL SERVICE","US POSTAL/PALATINE","1300 E. NORTHWEST HIGHWAY","PALATINE","IL",,"60095","8475906733",,
"sievert","Sievert Electric",,"U.S. POSTAL SERVICE","US POSTAL/CAROL STREAM","500 E. FULLERTON","CAROL STREAM","IL",,"60199","6302605282",,
"sievert","Sievert Electric",,"COLUMBIA GLASS","COLUMBIA GLASS","4716 W. LAKE STREET","CHICAGO","IL",,"60644","0",,
"sievert","Sievert Electric",,"CHICAGO BLOW PIPE COMPANY","CHI BLOW PIPE","2710 W. LAKE STREET","CHICAGO","IL",,"60612","0",,
"sievert","Sievert Electric",,"CRANE NUCLEAR","CRANE NUCLEAR/BOLINGBROOK","860 REMINGTON BLVD.","BOLINGBROOK","IL",,"60440","0",,
"sievert","Sievert Electric",,"CHICAGO GRINDING","CHI-GRIND/MELROSE","1950 N. 15TH AVENUE","MELROSE PARK","IL",,"60160","7086814010",,
"sievert","Sievert Electric",,"VILLAGE OF BROOKFIELD","VILLAGE/BROOKFIELD","4545 EBERLY AVENUE","BROOKFIELD","IL",,"60513","7084852540",,
"sievert","Sievert Electric",,"VILLAGE OF DEERFIELD","VILLAGE/DEERFIELD","850 WAUKEGAN ROAD","DEERFIELD","IL",,"60015","8473177224",,
"sievert","Sievert Electric",,"VILLAGE OF ROLLING MEADOWS","(PUBLIC WORKS) MAINT. GARAGE","3900 BERDNICK STREET","ROLLING MEADOWS","IL",,"60008","8479630559",,
"sievert","Sievert Electric",,"VILLAGE OF HOFFMAN ESTATES","VILLAGE/HOFFMAN","2405 PEMBROKE","HOFFMAN ESTATES","IL",,"60195","8477812719",,
"sievert","Sievert Electric",,"VILLAGE OF GLENCOE","VILLAGE/GLENCOE","675 VILLAGE COURT","GLENCOE","IL",,"60022","8478354111",,
"sievert","Sievert Electric",,"SIGNODE CORP.","MAIN BUILDING","7701 W.71ST STREET","BRIDGEVIEW","IL",,"60455","7084587320",,
"sievert","Sievert Electric",,"MIDWAY WIRE, INC.","DERRICK'S CRANES","4630 W.55TH STREET","CHICAGO","IL",,"60632","7737672500",,
"sievert","Sievert Electric",,"ANDERSON DIE CASTINGS","ANDERSON/ ELK GROVE","901 CHASE AVENUE","ELK GROVE","IL",,"60007","0",,
"sievert","Sievert Electric",,"ANDERSON DIE CASTINGS","ANDERSON/ WHEELING","1720 S. WOLF ROAD","WHEELING","IL",,"60090","0",,
"sievert","Sievert Electric",,"BOST CORPORATION","BOST/MAYWOOD","601 ST.CHARLES ROAD","MAYWOOD","IL",,"60153","0",,
"sievert","Sievert Electric",,"BAXTER HEALTHCARE","BAXTER/ROUND LAKE","RT.120& WILSON ROAD","ROUND LAKE","IL",,"60073","0",,
"sievert","Sievert Electric",,"BAXTER HEALTHCARE","BAXTER/DEERFIELD","ONE BAXTER PARKWAY","DEERFIELD","IL",,"60015","0",,
"sievert","Sievert Electric",,"BAXTER HEALTHCARE","BAXTER/MCGAW PARK","1620 WAUKEGAN ROAD","MCGAW PARK","IL",,"60085","0",,
"sievert","Sievert Electric",,"BAXTER HEALTHCARE","BAXTER/ROUND LAKE","RT.120 & WILSON ROAD","ROUND LAKE","IL",,"60073","0",,
"sievert","Sievert Electric",,"DELTA UNIBUS","SIEVERT","12345  RAILROAD","NORTHLAKE","IL",,"60130","8888855896",,
"sievert","Sievert Electric",,"CRAFTSMAN TOOL & MOLD","AURORA","2750 CHURCH ROAD","AURORA","AL",,"60504","6308518700",,
"sievert","Sievert Electric",,"ANDREW CORPORATION","ORLAND PARK","10500 W. 153RD STREET","ORLAND PARK","IL",,"60462","7083495970",,
"sievert","Sievert Electric",,"DICKE TOOL CO.","DICKE/DOWNERS GROVE","1201 WARREN AVENUE","DOWNERS GROVE","IL",,"60515","0",,
"sievert","Sievert Electric",,"DAILY HERALD","HERALD / SCHAUMBURG","1000 W. ALBION","SCHAUMBURG","IL",,"60173","0",,
"sievert","Sievert Electric",,"DIVERSAPACK","DIVERSAPACK/MARENGO","201 N. PROSPECT","MARENGO","IL",,"60152","8155688090",,
"sievert","Sievert Electric",,"MIDWAY WIRE, INC.","MIDWAY DEREK'S CRANES","4630 W.55TH STREET","CHICAGO","IL",,"60632","7737672500",,
"sievert","Sievert Electric",,"UPS","UPS/HODGKINS","1 UPS WAY","HODGKINS","IL",,"60525","7083874138",,
"sievert","Sievert Electric",,"VILLAGE OF SUGAR GROVE","VILLAGE OF SUGAR GROVE","601 HEARTLAND DRIVE","SUGAR GROVE","IL",,"60554","6304667508",,
"sievert","Sievert Electric",,"U.S. POSTAL SERVICE","HARRISON STREET","433  HARRISON  STREET","CHICAGO","IL",,"60607","3129837730",,
"sievert","Sievert Electric",,"IONBOND","IONBOND/W.CHI","925 ATLANTIC DRIVE","WEST CHICAGO","IL",,,"6308535143",,
"sievert","Sievert Electric",,"FILTERTEK","FILTERTEK/HEBRON","11411 PRICE ROAD","HEBRON","IL",,"60034","8156482416",,
"sievert","Sievert Electric",,"INMAN ELECTRIC","INMAN/LASALLE","PO BOX 1108, CIVIC INDUSTRIAL PARK","LA SALLE","IL",,"61301","8152232288",,
"sievert","Sievert Electric",,"PRAIRIE PACKAGING","PRAIRIE/BRIDGEVIEW","7701 W. 79TH STREET","BRIDGEVIEW","IL",,"60455","7084962900",,
"sievert","Sievert Electric",,"FOLGER ADAMS SECURITY","FOLGER ADAMS, LEMONT","6200 W. 103RD STREET","LEMONT","IL",,"60439","6307393045",,
"sievert","Sievert Electric",,"ACE METAL CRAFTS COMPANY","ACE METAL/FRANKLIN PARK","10550 ANDERSON PLACE","FRANKLIN PARK","IL",,"60131","0",,
"sievert","Sievert Electric",,"FINN POWER INT'L","FINN / ARL. HTS.","555 W. ALGONQUIN ROAD","ARLINGTON HEIGHTS","IL",,"60005","8479526529",,
"sievert","Sievert Electric",,"FINN POWER INT'L","FINN/ SCHAUMBURG","710 REMMINGTON ROAD","SCHAUMBURG","IL",,,"8479526529",,
"sievert","Sievert Electric",,"WAND TOOL CO. INC.","WAND / WHEELING","852 SETON COURT","WHEELING","IL",,"60090","8474592400",,
"sievert","Sievert Electric",,"DIAGEO GLOBAL SUPPLY","DIAGEO / PLAINFIELD","901 W. 143RD STREET","PLAINFIELD","IL",,"60644","0",,
"sievert","Sievert Electric",,"GILLETTE COMPANY","GILLETTE/N. CHI","3500 WEST 16TH STREET","NORTH CHICAGO","IL",,"60064","8476893111",,
"sievert","Sievert Electric",,"GBC FILMS GROUP","GBC/ ADDISON","712 WINTHROP AVENUE","ADDISON","IL",,"60101","6304583433",,
"sievert","Sievert Electric",,"GENERAL MILLS, INC.","WEST CHICAGO","704 WEST WASHINGTON STREET","WEST CHICAGO","IL",,"60185","6308764192",,
"sievert","Sievert Electric",,"FLOW SERVE","FLOW SERVE/BURR RIDGE","161 TOWER DRIVE, UNIT D","BURR RIDGE","IL",,"60521","6163812650",,
"sievert","Sievert Electric",,"LIFE FITNESS","LIFE FITNESS/FRANKLIN PK","3601 W. BELMONT","FRANKLIN PARK","IL",,"60131","8472883300",,
"sievert","Sievert Electric",,"CTA","C.T.A.- RAIL MAINTENANCE","3701 W. OAKTON","SKOKIE","IL",,"60076","8477638959",,"8477638942"
"sievert","Sievert Electric",,"NATIONAL ENVELOPE","NAT ENV./ ELK GROVE","2001 ARTHUR AVENUE","ELK GROVE VILLAGE","IL",,"60007","8473645588",,
"sievert","Sievert Electric",,"NSMJAWA","NSMJAWA/CHI","PO BOX 66216","CHICAGO","IL",,"60666","3126860077",,
"sievert","Sievert Electric",,"NORTHWEST WATER COMMISION","NW WATER COMM","1525 N. WOLF ROAD","DES PLAINES","IL",,"60016","8476350777",,
"sievert","Sievert Electric",,"MASTERFOODS USA","MASTERFOODS/BURR RIDGE","660 W. 79TH STREET","BURR RIDGE","IL",,"60521","6306557517",,
"sievert","Sievert Electric",,"IHC CONSTRUCTION COMPANY","IHC/ELGIN","1797 N. LA FOX","ELGIN","IL",,"60123","8477421535",,
"sievert","Sievert Electric",,"HUB ONE LOGISTICS","HUB ONE/ROMEOVILLE","1257 N. SCHMIDT ROAD","ROMEOVILLE","IL",,"60446","6303279720",,
"sievert","Sievert Electric",,"NAI HIFFMAN","NAI/ N. RIVERSIDE","7222 W. CERMAK ROAD","NORTH RIVERSIDE","IL",,"60546","7084485244",,
"sievert","Sievert Electric",,"CHEMI-FLEX","CHEMI / LOMBARD","1040 N. RIDGE","LOMBARD","IL",,"60148","6306279650",,
"sievert","Sievert Electric",,"BRIDGEVIEW FIRE DEPT.","BRIDGEVIEW FIRE DEPT.","7500 S. OKETO","BRIDGEVIEW","IL",,"60455","7089248250",,
"sievert","Sievert Electric",,"CTA-WEST SHOP","WEST SHOP","3900 W. MAYPOLE","CHICAGO","IL",,"60624","7737224297",,
"sievert","Sievert Electric",,"CTA - SOUTH SHOP","SOUTH SHOP","7801 S. VINCENNES","CHICAGO","IL",,"60620","7738747100",,
"sievert","Sievert Electric",,"CTA - SUB STATION ILLINOIS","SUB STATION ILLINOIS","152 W. ILLINOIS ST.","CHICAGO","IL",,"60610","7737224210",,
"sievert","Sievert Electric",,"CTA -SUB STATION","SUB STATION STATE ST.","1235 S. STATE ST.","CHICAGO","IL",,"60605","7737224210",,
"sievert","Sievert Electric",,"CTA -SUB STATION","SUB STATION 42ND ST.","4200 S. WABASH","CHCIAGO","IL",,"60653","7737224210",,
"sievert","Sievert Electric",,"CTA -SUB STATION","SUB STATION RAVENSWOOD","4250 N. LINCOLN AVE","CHICAGO","IL",,"60625","7737224210",,
"sievert","Sievert Electric",,"CTA -SUB STATION","SUB STATION HARDING","1920 S. HARDING AVE.","CHICAGO","IL",,"60623","7737224210",,
"sievert","Sievert Electric",,"CTA -SUB STATION","SUB STATION CLIFTON","4401 N. CLIFTON","CHICAGO","IL",,"60640","7737224210",,
"sievert","Sievert Electric",,"BODYCOTE","GLENDALE HEIGHTS","192 INTERNATIONALE BLVD","GLENDALE HEIGHTS","IL",,"60139","6306810008",,
"sievert","Sievert Electric",,"OLSON INT'L. LTD.","OLSON/LOMBARD","50 W. NORTH AVENUE","LOMBARD","IL",,"60148","6306299494",,
"sievert","Sievert Electric",,"OLE-TEX INC.","OLE-TEX/S.HOLLAND","16800 S. CANAL STREET","SOUTH HOLLAND","IL",,"60473","7085969500",,
"sievert","Sievert Electric",,"REYNOLDS FOOD PACKAGING","REYNOLDS/GRANT PARK","221 EAST GREENWOOD","GRANT PARK","IL",,"60940","8154652097",,
"sievert","Sievert Electric",,"REXNORD CORPORATION","REXNORD/WHEELING","634 GLENN AVENUE","WHEELING","IL",,"60090","8475378100",,
"sievert","Sievert Electric",,"GOODRICH ISR SYSTEMS","RECON/BARRINGTON","550 W. NORTHWEST HIGHWAY","BARRINGTON","IL",,"60010","8473812400",,
"sievert","Sievert Electric",,"SUN CHEMICAL CORP.","SUN/KANKAKEE","3200 FESTIVAL DRIVE","KANKAKEE","IL",,"60901","7085620550",,
"sievert","Sievert Electric",,"MASTERFOODS USA","MASTERFOODS/CHICAGO","2019 N. OAK PARK","CHICAGO","IL",,"60707","7737452233",,
"sievert","Sievert Electric",,"SIPI METALS","SIPI / CHICAGO","1720 ELSTON AVENUE","CHICAGO","IL",,"60622","0",,
"sievert","Sievert Electric",,"PRECISION STAMPING","PRECISION/SCHILLER","4848 N. RIVER ROAD","SCHILLER PARK","IL",,"60176","8476780800",,
"sievert","Sievert Electric",,"WELLER TRUCK PARTS","WELLER/PALOS","11152 SOUTHWEST HIGHWAY","PALOS HILLS","IL",,,"0",,
"sievert","Sievert Electric",,"BP AMERICA INC.","BP / WARENVILLE","150 N. WARENVILLE ROAD","WARENVILLE","IL",,"60568","0",,
"sievert","Sievert Electric",,"U.S. POSTAL SERVICE","CANAL STREET","740 S. CANAL STREET","CHICAGO","IL",,"60607","3129838718",,
"sievert","Sievert Electric",,"ARMOUR ECKRICH","CONAGRA/CAROL STREAM","185 ALEXANDRIA WAY","CAROL STREAM","IL",,"60188","6305849485",,
"sievert","Sievert Electric",,"MILAN'S MACHINE & MANUFACTURIN","MILAN'S/CICERO","1301 S. LARAMIE AVENUE","CICERO","IL",,"60804","0",,
"sievert","Sievert Electric",,"ANDERSON DIE CASTINGS","ANDERSON/ WHEELING","1720 S. WOLF ROAD","WHEELING","IL",,"60090","0",,
"sievert","Sievert Electric",,"NUFARM MFG.","NUFARM/CHI. HEIGHTS","220 E. 17TH STREET","CHICAGO HEIGHTS","IL",,"60441","7087552458",,
"sievert","Sievert Electric",,"STEEL WHEEL TRANSFER","STEEL WHEEL/CHICAGO","10100 S. KITTY","CHICAGO RIDGE","IL",,"60415","7084230400",,
"sievert","Sievert Electric",,"AURORA TOWNSHIP HIGHWAY DEPT.","AURORA HIGHWAY","2201 BUTTERFIELD ROAD","NORTH AURORA","IL",,"60542","6308720046",,
"sievert","Sievert Electric",,"PHOENIX CLOSURES","PHOENIX/NAPERVILLLE","1899 HIGH GROVE LANE","NAPERVILLE","IL",,"60540","0",,
"sievert","Sievert Electric",,"LA FARGE N.A.","LA FARGE/CHICAGO","2150 E. 130TH STREET","CHICAGO","IL",,"60633","7736463347",,
"sievert","Sievert Electric",,"MARTIN SPROCKET","MARTIN/DES PLAINES","1505 BIRCHWOOD AVENUE","DES PLAINES","IL",,"60018","8472988844",,
"sievert","Sievert Electric",,"SOMMER AND MACA","CICERO","5501 W. OGDEN AVE.","CICERO","IL",,"60804","7088635446",,
"sievert","Sievert Electric",,"GALLOY AND VAN ETTEN","HALSTED","11756 S. HALSTED","CHICAGO","IL",,"60628","7089284800",,
"sievert","Sievert Electric",,"COOK COUNTY HWY. DEPT.","MEACHAM & ALGONQUID","MEACHAM & ALGONQUIN RD","SCHAUMBURG","IL",,"60193","3128020469",,
"sievert","Sievert Electric",,"HAUSNER INDUSTRIAL COATINGS","BEDFORD PARK","6522 S. LAVERGNE","BEDFORD PARK","IL",,"60638","7084585500",,
"sievert","Sievert Electric",,"MENGES ROLLER COMPANY","MENGES/WAUCONDA","260 INDUSTRIAL DRIVE","WAUCONDA","IL",,"60084","8474878877",,
"sievert","Sievert Electric",,"ROGERS CORPORATION","ROGERS/CAROL STREAM","171 W. ST. CHARLES ROAD","CAROL STREAM","IL",,"60188","6307846200",,
"sievert","Sievert Electric",,"VILLAGE OF SCHAUMBURG","VILLAGE SCHAUMBURG","101 SCHAUMBURG COURT","SCHAUMBURG","IL",,"60193","8477746620",,
"sievert","Sievert Electric",,"VILLAGE OF ADDISON","VILLAGE/ADDISON","1491 JEFFREY DRIVE","ADDISON","IL",,"60101","6306282020",,
"sievert","Sievert Electric",,"VILLAGE OF HANOVER PARK","VILLAGE/HANOVER","2121 W. LAKE STREET","HANOVER PARK","IL",,"60103","6303724453",,
"sievert","Sievert Electric",,"VILLAGE OF LA GRANGE PARK","LAGRANGE PARK/VILLAGE","937 BARNSDALE","LA GRANGE PARK","IL",,"60526","7083522922",,
"sievert","Sievert Electric",,"VARIAN ASSOCIATES, INC.","VARIAN/DES PLAINES","200 EAST HOWARD, SUITE 230","DES PLAINES","IL",,"60018","8472992600",,
"sievert","Sievert Electric",,"ULTRA POLISHING","ULTRA/SCHAUMBURG","642 PRATT AVENUE","SCHAUMBURG","IL",,"60193","8473525249",,
"sievert","Sievert Electric",,"V.P. ANODIZING","V.P./CHICAGO","1819 N. LOREL","CHICAGO","IL",,"60639","7736229100",,
"sievert","Sievert Electric",,"VACTOR MFG.","VACTOR/STREATOR","1621 S. ILLINOIS STREET","STREATOR","IL",,"61364","8156723171",,
"sievert","Sievert Electric",,"WOLFF WALSRODE USA","WOLFF/WILLOWBROOK","7330 S. MADISON","WILLOWBROOK","IL",,"60521","6307898440",,
"sievert","Sievert Electric",,"WILMETTE HARBOR","WILMETTE HARBOR","20 HARBOR DRIVE","WILMETTE","IL",,"60091","8472514234",,
"sievert","Sievert Electric",,"Z & L MACHINING INC.","Z & L / WAUKEGAN","3140 CENTRAL AVENUE","WAUKEGAN","IL",,"60085","8476239519",,
"sievert","Sievert Electric",,"WILLY WONKA CANDY","WILLY WONKA","1445 NORWOOD AVENUE","ITASCA","IL",,"60143","0",,
"sievert","Sievert Electric",,"SERVICE TOOL","SERVICE TOOL/ELK GROVE","160 KING STREET","ELK GROVE VILLAGE","IL",,"60007","8474397000",,
"sievert","Sievert Electric",,"ROTATING EQUIPMENT SPEC.","EDB / ELMHURST","421 WRIGHTWOOD AVENUE","ELMHURST","IL",,"60126","6307580424",,
"sievert","Sievert Electric",,"POWER PACKAGING","POWER / ST. CHARLES","425 S. 37TH AVENUE","ST. CHARLES","IL",,"60176","6303770840",,
"sievert","Sievert Electric",,"PACTIV CORP.","PACTIV/FRANKLIN","2607 25TH AVENUE","FRANKLIN PARK","IL",,"60131","8472888304",,
"sievert","Sievert Electric",,"O&K AMERICAN","DEREK / O&K","4620 W. 55TH STREET","CHICAGO","IL",,"60632","0",,
"sievert","Sievert Electric",,"GENESEO MUNICIPAL","GENESEO MUNICIPAL","433 E. NORTH STREET","GENESEO","IL",,"61254","0",,
"sievert","Sievert Electric",,"TOYAL AMERICA INC.","TOYAL / LOCKPORT","17401 S. BROADWAY","LOCKPORT","IL",,"60441","0",,
"sievert","Sievert Electric",,"PLASTIC SUPPLIERS","PLAS. SUPPLY/S. HOLLAND","3330 HOLEMAN AVENUE","SOUTH CHICAGO HTS.","IL",,"60615","7087542810",,
"sievert","Sievert Electric",,"CHICAGO SUN TIMES","SUN TIMES/CHICAGO","2800 S. ASHLAND AVENUE","CHICAGO","IL",,"60608","7738907446",,
"sievert","Sievert Electric",,"ARMOUR ECKRICH","CONAGRA/ST.CHARLES","410 KIRK ROAD","ST.CHARLES","IL",,"60174","6307405447",,
"sievert","Sievert Electric",,"SEALED AIR CORP.","SEALED AIR / HODGKINS","7110 SANTE FE DRIVE","HODGKINS","IL",,"60525","6302673402",,
"sievert","Sievert Electric",,"REXAM BEVERAGE","REXAM/CHICAGO","1101 W. 43RD STREET","CHICAGO","IL",,"60609","0",,
"sievert","Sievert Electric",,"PRARIE PACKAGING","7207","7207 S. MASON","BEDFORD PARK","IL",,"60638","7084962900",,"7084960347"
"sievert","Sievert Electric",,"PRINT - O - TAPE","MUNDELEIN","755 TOWER RD.","MUNDELEIN","IL",,"60060","8473621476",,
"sievert","Sievert Electric",,"QUAM NICHOLS","QUAM/CHICAGO","234 E. MARQUETTE ROAD","CHICAGO","IL",,"60637","7734885800",,
"sievert","Sievert Electric",,"RODGER ENGINEERING","RODGER/ADDISON","330 S. FAIRBANK","ADDISON","IL",,"60101","6305430385",,
"sievert","Sievert Electric",,"SHAPED WIRE, INC.","SHAPED WIRE/BATAVIA","900 DOUGLAS ROAD","BATAVIA","IL",,"60510","6304060800",,
"sievert","Sievert Electric",,"STAINLESS SALES CORP.","STAINLESS/CHICAGO","3301 S. JUSTINE STREET","CHICAGO","IL",,"60608","7732479060",,
"sievert","Sievert Electric",,"DELTA UNIBUS","DELTA/NORTHLAKE","515 RAILROAD AVENUE","NORTHLAKE","IL",,"60164","7084091200",,
"sievert","Sievert Electric",,"E H WACHS","WACHS / LINCOLNSHIRE","600 KNIGHTBRIDGE PKWY.","LINCOLNSHIRE","IL",,"60069","8475378800",,
"sievert","Sievert Electric",,"VILLAGE OF LINCOLNWOOD","LINCOLNWOOD","7001 N. LAWNDALE AVENUE","LINCOLNWOOD","IL",,"60712","8474895870",,
"sievert","Sievert Electric",,"MATERIAL HANDLING","MAT. HANDL/ CAROL STREAM","315 E. FULLERTON AVENUE","CAROL STREAM","IL",,"60188","6306657200",,
"sievert","Sievert Electric",,"RELIANT ENERGY","RELIANT/AURORA","2909 N. EOLA ROAD","AURORA","IL",,"60504","6308209634",,
"sievert","Sievert Electric",,"PACTIV","FRANKFORT","437 CENTER RD.","FRANKFORT","IL",,"60423","8154643642",,
"sievert","Sievert Electric",,"PACTIV CORP.","FRANKFORT","437 CENTER RD.","FRANKFORT","IL",,"60423","8154643642",,
"sievert","Sievert Electric",,"PRECISION TWIST DRILL","CRYSTAL LAKE","301 INDUSTRIAL DRIVE","CRYSTAL LAKE","IL",,"60012","0",,
"sievert","Sievert Electric",,"PRECISION STEEL","FRANKLIN PARK","3500 N. WOLF RD.","FRANKLIN PARK","IL",,"60131","8474557000",,
"sievert","Sievert Electric",,"COREY STEEL CO.","CICERO","2800 S. 61ST. COURT","CICERO","IL",,"60804","7088638000",,
"sievert","Sievert Electric",,"P.M. MOLD","SCHAUMBURG","800 ESTES AVE.","SCHAUMBURG","IL",,,"8479235400",,
"sievert","Sievert Electric",,"GENERAL MILLS OPERATIONS","BELVIDERE,IL.","915 E. PLEASANT ST.","BELVIDERE","IL",,"61008","6308764212",,"6308764216"
"sievert","Sievert Electric",,"GRANITE INNOVATIONS","CHICAGO,ILL.","1420 W. HUBBARD","CHICAGO","IL",,"60622","3122269433",,"3122269947"
"sievert","Sievert Electric",,"REPLOGLE GLOBES","REPLOGLE/BROADVIEW","2801 S. 25TH AVENUE","BROADVIEW","IL",,"60155","7083430900",,
"sievert","Sievert Electric",,"TRUVUE INC.","TRUVUE/MC COOK","9400 W. 55TH STREET","MC COOK","IL",,"60525","7084855960",,
"sievert","Sievert Electric",,"CTA","CTA/SKOKIE","OAKTON AVE","SKOKIE","IL",,,"0",,
"sievert","Sievert Electric",,"CTA","CTA/61ST STREET","61ST STREET","CHICAGO","IL",,,"0",,
"sievert","Sievert Electric",,"CROWN STEEL","CROWN/CHICAGO","3355 W. 31ST STREET","CHICAGO","IL",,,"7733761700",,
"sievert","Sievert Electric",,"ARMACELL LLC.","ARMACELL/S. HOLLAND","16800 S. CANAL STREET","SOUTH HOLLAND","IL",,"60473","7085969500",,
"sievert","Sievert Electric",,"IISN/TRAMMELL CROW CO.","TRAMMELL/NAPERVILLE","150 W. WARRENVILLE ROAD","NAPERVILLE","IL",,"60563","6304203115",,
"sievert","Sievert Electric",,"METROPOLITAN WATER RECLAMATION","KIRIE /DES PLAINES","701 W. OAKTON","DES PLAINES","IL",,"60018","8473752506",,
"sievert","Sievert Electric",,"BAYOU STEEL CORP.","BAYOU/CHICAGO","3133 E. 106TH STREET","CHICAGO","IL",,"60617","0",,
"sievert","Sievert Electric",,"ROTA-DYNE","ROTA-DYNE/CHICAGO","6120 S. NEW ENGLAND","CHICAGO","IL",,"60638","7732299091",,
"sievert","Sievert Electric",,"CARDWELL WESTINGHOUSE","CARDWELL/CHICAGO","8400 S. STEWART AVENUE","CHICAGO","IL",,"60620","7734837575",,
"sievert","Sievert Electric",,"ARCHITECTURAL IRONWORKERS","IRONWORKERS/BROADVIEW","1819 BEACH STREET","BROADVIEW","IL",,"60153","0",,
"sievert","Sievert Electric",,"BERRY PLASTICS","COVALENCE PLASTICS","921 W. INDUSTRIAL DR.","AURORA","IL",,"60506","6308597542",,
"sievert","Sievert Electric",,"HENTZEN COATINGS","HENTZEN/BATAVIA","1500 LATHEM STREET","BATAVIA","IL",,"60510","6307614343",,
"sievert","Sievert Electric",,"PRAIRIE PACKAGING","7200","7200 S. MASON","BEDFORD PARK","IL",,"60638","7084962900",,"7084960347"
"sievert","Sievert Electric",,"SAUBER MFG.","VIRGIL,IL.","10 N. SAUBER RD.","VIRGIL","IL",,"60182","6303656600",,
"sievert","Sievert Electric",,"MOTION INDUSTRIES","39TH ST.","4901 W. 39TH ST.","CHICAGO","IL",,"60804","7087806200",,
"sievert","Sievert Electric",,"DUPAGE COUNTY FOREST","WEST CHICAGO","29 W. 400 MARK RD.","WEST CHICAGO","IL",,"60185","6308765910",,
"sievert","Sievert Electric",,"MAPEI CORP.","WEST CHICAGO, IL.","530 INDUSTRIAL DR.","WEST CHICAGO","IL",,"60185","6302935800",,
"sievert","Sievert Electric",,"JOHNSON BROS. METAL","BERKELEY, IL.","5500 MCDERMOTT DR.","BERKELEY","IL",,,"7084997050",,"7084990042"
"sievert","Sievert Electric",,"FELLOWS MFG. CO.","ITASCA, IL.","1789 NORWOOD AVE.","ITASCA","IL",,"60143","6308931600",,
"sievert","Sievert Electric",,"PACE BUS","WAUKEGAN","1400 W. 10TH ST.","WAUKEGAN","IL",,"60085","8472633409",,
"sievert","Sievert Electric",,"CTA KEDZIE GARAGE","KEDZIE GARAGE","358 S. KEDZIE","CHCIAGO","IL",,"60612","7736385184",,
"sievert","Sievert Electric",,"CTA 74TH ST. GARAGE","74TH ST. GARAGE","1815 W. 74TH ST.","CHICAGO","IL",,"60636","7739252500",,
"sievert","Sievert Electric",,"CTA ARCHER GARAGE","ARCHER GARAGE","2600 W. PERSHING","CHICAGO","IL",,"60632","7738473114",,
"sievert","Sievert Electric",,"CTA 103RD ST. GARAGE","103RD ST. GARAGE","1702 E. 103RD ST.","CHICAGO","IL",,"60617","7739787991",,
"sievert","Sievert Electric",,"QUANTUM STRUCTURE","JOLIET","2145 S. MOEN AVE #3","JOLIET","IL",,"60434","8157441062",,
"sievert","Sievert Electric",,"EQUICHEM INT'L.","CAROL STREAM","510 TOWER BLVD.","CAROL STREAM","IL",,"60138","6307840432",,
"sievert","Sievert Electric",,"CITY OF WEST CHICAGO WWTP","WEST CHICAGO","RT 59 & SARANA DR.","WEST CHICAGO","IL",,"60185","6302932261",,
"sievert","Sievert Electric",,"EXELON GENERATION","DRESDEN STATION","6500 N. DRESDEN RD.","MORRIS","IL",,"60450","8154163479",,
"sievert","Sievert Electric",,"NORTH SHORE SANITARY DIST.","WAUKEGAN STP","WAUKEGAN STP","********","IL",,"60031","8476236060",,
"sievert","Sievert Electric",,"NORTH SHORE SANITARY DIST.","GURNEE STP","PS-4 NORTH CHICAGO, PS-5 WAUKEGAN","GURNEE","IL",,"60031","8476236060",,
"sievert","Sievert Electric",,"NORTH SHORE SANITARY DIST.","CLAVEY ROAD STP","PS-6 LAKE BLUFF, PS-7 LAKE FOREST, PS-8 HIGHLAND","HIGHLAND","IL",,"60031","8476236060",,
"sievert","Sievert Electric",,"VACUMET CORPORATION","VACUMET/ADDISON","31 S. MITCHELL ROAD","ADDISON","IL",,"60101","9736280400",,
"sievert","Sievert Electric",,"QUANTUM STRUCTURE","UNIVERSAL/JOLIET","2200 MOEN AVENUE","JOLIET","IL",,"60434","8150000000",,
"sievert","Sievert Electric",,"ANGELICA TEXTILE SERVICE","ANGELICA/ CHICAGO","920 S. CAMPBELL AVENUE","CHICAGO","IL",,"60612","3126668495",,
"sievert","Sievert Electric",,"FEDERAL MOGUL","FOREST VIEW","4929 S. MASON","FOREST VIEW","IL",,,"7085630202",,
"sievert","Sievert Electric",,"NORTH SHORE SANITARY DIST.","SLUDGE RECYCLING FACILITY","ZION IL.","ZION","AL",,"60031","8477461128",,
"sievert","Sievert Electric",,"UNIVERSAL PIPE AND SUPPLY","JOLIET, IL.","2200 MOEN AVE.","JOLIET","IL",,"60434","8150000000",,
"sievert","Sievert Electric",,"SMDS OF CHICAGO","CICERO","5649 W. 31ST","CICERO","IL",,"60804","7087609700",,
"sievert","Sievert Electric",,"M.W.R.D.G.C.","STICKNEY & RELATED FACILITIES","6001 W. PERSHING RD.","STICKNEY","IL",,"60632","7085884106",,
"sievert","Sievert Electric",,"METSO PAPER","BELOIT,WIS","1280 WILLOWBROOK RD.","BELOIT","WI",,"53512","6083647603",,
"sievert","Sievert Electric",,"B.P. AMOCO","BLDG. 300","150 W. WARRENVILLE RD.","NAPERVILLE","IL",,"60563","6304205971",,
"sievert","Sievert Electric",,"ATMI DYNACORE","LOCKPORT","551 INDEPEDENCE","LOCKPORT","IL",,"60441","8155880524",,
"sievert","Sievert Electric",,"IIT / NCFST","NCFST","6502 S. ARCHER RD.","SUMMIT","IL",,"60501","7082697389",,
"sievert","Sievert Electric",,"PRAIRIE PKG.","BOLINGBROOK, IL.","460 GIBRALTAR DR.","BOLINGBROOK","IL",,"60440","7089242850",,
"sievert","Sievert Electric",,"GRAVURE INK","BENSENVILLE","1077 SESAME ST","BENSENVILLE","IL",,"60106","6305950595",,
"sievert","Sievert Electric",,"ALCAN PACKAGING","DESPLAINES","1731 S.  MT. PROSPECT RD.","DESPLAINES","IL",,"60018","8472985626",,
"sievert","Sievert Electric",,"LAMANTIA PLASTICS","LAMANTIA/ST CHARLES","425 S. 38TH AVENUE","ST. CHARLES","IL",,"60174","6305844747",,
"sievert","Sievert Electric",,"UNIVERSAL METAL SERVICE","UNIVERSAL/S. HOLLAND","16655 S. CANAL","SOUTH HOLLAND","IL",,"60473","7085962700",,
"sievert","Sievert Electric",,"FRAIN INDUSTRIES","FRANKLIN PARK","9377 GRAND AVE.","FRANKLIN PARK","IL",,"60131","6308895741",,
"sievert","Sievert Electric",,"NORTHWESTERN UNIVERSITY MANG.","FACILITIES MANAGEMENT","1801 MAPLE","EVANSTON","IL",,"60069","8478154665",,
"sievert","Sievert Electric",,"M.W.R.D.G.C. RACINE","RACINE PLANT","3838 S. RACINE AVE.","CHICAGO","IL",,"60629","7085884370",,
"sievert","Sievert Electric",,"FONA INTERNATIONAL","GENEVA","1900 AVERILL RD.","GENEVA","IL",,"60134","6305788600",,
"sievert","Sievert Electric",,"M.W.R.D.G.C.","MAINSTREAM PUMPING STATION","6100 RIVER RD.","HODGKINS","IL",,"60525","7085884183",,
"sievert","Sievert Electric",,"PANDUIT","TINLEY PARK FACILITY","17301 RIDGELAND RD.","TINLEY PARK","IL",,"60032","7085321800",,
"sievert","Sievert Electric",,"PANDUIT","DEKALB FACILITY","1700 E. FAIRVIEW DR.","DEKALB","IL",,"60115","7085321800 x1535",,
"sievert","Sievert Electric",,"PANDUIT","LOCKPORT FACILITY","16530 W. 163RD ST.","LOCKPORT","IL",,"60441","7085321800 x1535",,
"sievert","Sievert Electric",,"PANDUIT","ORLAND PARK FACILITY","10500 W. 167TH ST.","ORLAND PARK","IL",,"60032","7085321800 x1535",,
"sievert","Sievert Electric",,"PANDUIT","BURR RIDGE FACILITY","412 ROCKWELL CT.","BURR RIDGE","IL",,"60527","7085321800 x1535",,
"sievert","Sievert Electric",,"PERKIN ELMER LIFE & ANALYTICAL","DOWNERS GROVE","2200 WARRENVILLE RD.","DOWNERS GROVE","IL",,"60515","6306606932",,
"sievert","Sievert Electric",,"WHEATLAND TUBE CO.","CHICAGO","4435 S. WESTERN BLVD.","CHICAGO","IL",,"60609","0",,
"sievert","Sievert Electric",,"DRESSER-RAND","NAPERVILLE","1101 FRONTENAC RD.","NAPERVILLE","IL",,"60563","6309611990",,
"sievert","Sievert Electric",,"BIMBA MANUFACTURING","BIMBA/MONEE","25150 GOVERNORS HWY.","MONEE","IL",,"60449","7085347994",,
"sievert","Sievert Electric",,"HEXION SPECIALTY","RESOLUTION/CARPENTER","400 E. COTTAGE PLACE","CARPENTERSVILLE","IL",,"60110","8475513170",,
"sievert","Sievert Electric",,"PANDUIT","NEW LENOX FACILITY","1333 SCHOOLHOUSE RD.","NEW LENOX","IL",,"60477","7085321800",,
"sievert","Sievert Electric",,"USARTC MOTOR POOL","DARIEN","10 S 100 FRONTAGE RD.","DARIEN","IL",,"60130","8472662506",,"8472662506"
"sievert","Sievert Electric",,"SWEBCO MFG.","MACHESNEY PARK","7909 BURDEN RD."," MACHESNEY PARK","IL",,"61115","8156367160",,
"sievert","Sievert Electric",,"FELS TOOL AND MFG.","PALATINE","301 S. HICKS RD.","PALATINE","IL",,"60067","8473599422",,
"sievert","Sievert Electric",,"TRUVUE INC.","TRUVUE/MC COOK","9400 W. 55TH STREET","MC COOK","IL",,"60525","7084855080",,
"sievert","Sievert Electric",,"EMERSON INSTRUMENT&VALVE SERV","EMERSON / OAK FOREST","4320 W. 166TH STREET","OAK FOREST","IL",,"60452","7085355135",,
"sievert","Sievert Electric",,"SOKOL & CO.","COUNTRYSIDE","5315 DANSHER","COUNTRYSIDE","IL",,"60525","7084828250",,
"sievert","Sievert Electric",,"JOHNSON POWER LTD.","BROADVIEW","2530 BRAGA DR.","BROADVIEW","IL",,"60155","0",,
"sievert","Sievert Electric",,"RUHRPUMPEN INC.","RUHRPUMPEN","1277 NAPERVILLE DR, UNIT G","ROMEOVILLE.","IL",,"60446","6303784050",,
"sievert","Sievert Electric",,"MILGARD WINDOWS","AURORA","1785 N. EDGELAWN DR.","AURORA","IL",,"60504","6309072200",,
"sievert","Sievert Electric",,"ALKO LIGHTING","FRANKLIN PARK","11500 MELROSE AVE.","FRANKLIN PARK","IL",,"60131","8472888929",,
"sievert","Sievert Electric",,"MILCO PRECISION MACHINING","MILCO/ADDISON","730 ANNORENO DRIVE","ADDISON","IL",,"60101","6306285730",,
"sievert","Sievert Electric",,"TYCO VALVES & CONTROLS","BOLINGBROOK","554 TERRITORIAL DRIVE","BOLINGBROOK","IL",,"60440","6303433580",,
"sievert","Sievert Electric",,"TEAM TECHNOLOGIES","BATAVIA, IL","1300 NAGEL BLVD","BATAVIA","IL",,"60150","6309370380",,
"sievert","Sievert Electric",,"VICTORY MACHINE","LAKE FOREST, IL.","13855 W. POLO TRAIN DR.","LAKE FOREST","IL",,"60045","8479189797",,
"sievert","Sievert Electric",,"CLEVELAND STEEL","PEOTONE, IL.","117 LINCOLN","PEOTONE","IL",,,"7082580700",,
"sievert","Sievert Electric",,"PLAINFIELD STAMPING","PLAINFIELD, IL.","1351 N. DIVISION ST.","PLAINFIELD","IL",,"60803","8154365671",,
"sievert","Sievert Electric",,"COREY STEEL","CICERO / QUARTERLYS","2800 S. 61ST CT.","CICERO","IL",,"60804","7088638000",,
"sievert","Sievert Electric",,"O & K AMERICAN CORP.","WIRE DRAWING DEPT.","4630 W. 55TH ST.","CHICAGO","IL",,"60632","7737672500",,"7737674717"
"sievert","Sievert Electric",,"MTH INDUSTRIES","HILLSIDE, IL.","ONE MTH PLAZA, 5101 DARMSTADT","HILLSIDE","IL",,"60162","7736048488",,"7736044789"
"sievert","Sievert Electric",,"GE ZENITH CONTROLS","CHCIAGO, IL.","830 W. 40TH ST.","CHICAGO","IL",,"60609","7733180385",,
"sievert","Sievert Electric",,"M.J. CELCO INDUSTRIES","SCHILLER PARK, IL.","3900 WESLEY TERRACE","SCHILLER PARK","IL",,"60176","8477370623",,
"sievert","Sievert Electric",,"ARI INDUSTRIES","ADDISON, IL.","381 ARI COURT","ADDISON","IL",,"60101","6309539100",,
"sievert","Sievert Electric",,"H.Q.C. INC.","OSWEGO, IL","230 KENDALL POINT DR.","OSWEGO","IL",,"60543","8157573548",,
"sievert","Sievert Electric",,"DRI-RITE","CHICAGO","116TH & AVE. O","CHICAGO","IL",,"60609","3129064169",,
"sievert","Sievert Electric",,"CHEMTECH PLASTICS INC.","ELGIN, IL.","765 CHURCH RD.","ELGIN","IL",,"60123","8477426800",,"8477426884"
"sievert","Sievert Electric",,"ITW/JEMCO","MINOOKA , IL","400 E. WAPELLA ST.","MINOOKA","IL",,"60447","8155461648",,
"sievert","Sievert Electric",,"CHICAGO PIPE BENDING","CHICAGO, IL","4535 W. LAKE ST.","CHICAGO","IL",,"60624","7733791918",,
"sievert","Sievert Electric",,"WELLER TRUCK PARTS","PALOS HILLS, IL.","11152 S.W. HIGHWAY","PALOS HILLS","IL",,"60465","7089749919",,
"sievert","Sievert Electric",,"CHICAGO SWEETENERS","CHICAGO","2234 W. 43RD ST.","CHICAGO","IL",,"60609","8472991999",,
"sievert","Sievert Electric",,"BLACK BROS.","MENDOTA, IL.","P.O.BOX 410, 501 NINTH AVE.","MENDOTA","IL",,"61342","8155397451",,"8155382451"
"sievert","Sievert Electric",,"ST. CHARLES TOWNSHIP","ST. CHARLES TOWNSHIP","1725 DEAN ST.","ST. CHARLES TOWNSHIP","IL",,"60174","6305843496",,
"sievert","Sievert Electric",,"ALABAMA METALS","BOURBONNAIS,IL.","1115 E. 5000TH N. ROAD","BOURBONNAIS","IL",,"60914","8159325001 x2234",,
"sievert","Sievert Electric",,"VILLAGE OF MORTON GROVE","MORTON GROVE","7840 NAGLE AVE.","MORTON GROVE","IL",,"60053","8474705235",,
"sievert","Sievert Electric",,"CITY OF ELGIN","WATER DEPT.","375 W. RIVER RD.","ELGIN","IL",,"60123","8479316156",,"8479316152"
"sievert","Sievert Electric",,"ROPAK","LIVELY BLVD.","2350 LIVELY BLVD.","ELK GROVE VILLAGE","IL",,"60007","8479560750 x2235",,
"sievert","Sievert Electric",,"ELGIN COMMUNITY COLLEGE","ELGIN","1700 SPARTAN DRIVE","ELGIN","IL",,"60123","8476971000",,
"sievert","Sievert Electric",,"CHICAGO INTERNATIONAL","CENTRAL AVE.","4655 S. CENTRAL","CHICAGO","IL",,"60632","7734967525",,
"sievert","Sievert Electric",,"FEDERAL MOGUL","NORTH KEDZIE","3440 N. KEDZIE AVE","CHICAGO","IL",,"60618","7738665155",,
"sievert","Sievert Electric",,"AURORA CUSTOM MACHINING","SILL AVE","1038 SILL AVE","AURORA","IL",,"60506","6308592638",,"6308592848"
"sievert","Sievert Electric",,"WEIDENMILLER CO.","ITASCA, IL.","1461 INDUSTRIAL DR.","ITASCA","IL",,"60143","6302502500",,"6302502525"
"sievert","Sievert Electric",,"BUZZ SALES","CRYSTAL LAKE","6110 OFFICAL RD., P.O.BOX 463","CRYSTAL LAKE","IL",,"60039","8154591170",,"8154591192"
"sievert","Sievert Electric",,"STORAGE BATTERY SYSTEMS","WRIGLEYS GUM","825 BLUFF DRIVE","ROMEOVILLE","IL",,"60544","8474569932",,
"sievert","Sievert Electric",,"FINN POWER","ARLINGTON HEIGHTS / SCHAUMBURG","555 W. ALGONQUIN RD.","ARLINGTON HEIGHTS","IL",,"60005","8479526529",,
"sievert","Sievert Electric",,"SHERWIN WILLIAMS POWDER","ROCKFORD, IL.","4472 TECHNOLOGY DR.","ROCKFORD","IL",,"61109","8153984089",,"8153984195"
"sievert","Sievert Electric",,"MERRILL CORP.","MT. PROSPECT,IL.","2000 S. CARBOY","MT. PROSPECT","IL",,"60056","8477180160",,
"sievert","Sievert Electric",,"SUMMIT STEEL & MFG.","S. CHICAGO HEIGHTS","3215 BUTLER ST.","S. CHCIAGO HEIGHTS","IL",,"60411","7087543235",,
"sievert","Sievert Electric",,"HAUSNER HARD CHROME INC.","ELK GROVE VILLAGE","670 GREENLEAF AVE.","ELK GROVE VILLAGE","IL",,"60007","8474396010",,
"sievert","Sievert Electric",,"INDEPENDENT MECHANICAL","CHICAGO,ILL","4155 NORTH KNOX AVE","CHICAGO","IL",,"60641","7732824500",,
"sievert","Sievert Electric",,"DIAL CORP.","MONTGOMERY, IL.","2000 AUCUTT RD.","MONTGOMERY","IL",,"60538","6308014644",,
"sievert","Sievert Electric",,"UNISON INDUSTRIES","ROCKFORD, IL.","530 BLACKHAWK PARK AVE.","ROCKFORD","IL",,"61104","8159654700",,"8159652457"
"sievert","Sievert Electric",,"WRIGHT ROLLERS & MACHINE CORP.","RIVERDALE, IL.","13417 S. HALSTED","RIVERDALE","IL",,"60827","7082019712",,
"sievert","Sievert Electric",,"LAKE COUNTY PUBLIC WORKS","VERNON HILLS, IL.","50 S. AMERICAN WAY","VERNON HILLS","IL",,"60061","8473095124",,
"sievert","Sievert Electric",,"VILLAGE OF ROLLING MEADOWS","PARK DISTRICT","3900 BERDNICK ST.","ROLLING MEADOWS","IL",,"60008","8478127337",,
"sievert","Sievert Electric",,"B.P.AMOCO N.A.","NAPERVILLE,IL.","150 W. WARRENVILLE","NAPERVILLE","IL",,"60563","6304203165",,"6304204831"
"sievert","Sievert Electric",,"INEOS TECHOLEGIES","NAPERVILLE (AMOCO PLANT)","150 WARRENVILLE RD.","NAPERVILLE","IL",,"60563","6304203664",,
"sievert","Sievert Electric",,"MASTERFOODS","BURR RIDGE","660 W. 79TH ST","BURR RIDGE","IL",,"60527","7736373000",,
"sievert","Sievert Electric",,"KRISDEE","SO. ELGIN","755 SCHNEIDER","SOUTH ELGIN","IL",,"60177","8476088300 x137",,
"sievert","Sievert Electric",,"RTM / TREND","FRANKLIN PARK, IL.","11333 MELROSE ST.","FRANKLIN PARK","IL",,"60131","8474554350",,
"sievert","Sievert Electric",,"BIMBA MFG","FRANKFORT, IL.","171 S. LARAWAY","FRANKFORT","IL",,,"7085347994",,
"sievert","Sievert Electric",,"WAUKEGAN STEEL SALES INC.","WAUKEGAN, IL.","1201 BELVIDERE ST.","WAUKEGAN","IL",,"60085","8476622810",,"8476622818"
"sievert","Sievert Electric",,"CYCLOPS WELDING","LASALLE, IL.","11 JOLIET STREET","LASALLE","IL",,"61301","8152230685",,"8152234373"
"sievert","Sievert Electric",,"METRO. WATER DIST. OF CHICAGO","LOCKPORT POWERHOUSE","2400 S. POWERHOUSE RD.","LOCKPORT","IL",,"60441","3127516517",,"3128941102"
"sievert","Sievert Electric",,"KEPNER PRODUCTS","VILLA PARK, IL.","995 N. ELLSWORTH AVE.","VILLA  PARK","IL",,"60181","6302791550",,
"sievert","Sievert Electric",,"ARMOUR ECKRICH","3625 ILLINOIS","3625 ILLINOIS","ST. CHARLES","IL",,"60174","6305845900",,
"sievert","Sievert Electric",,"WISE PLASTICS","ST. CHARLES","3810 STERN AVE.","ST. CHARLES","IL",,"60174","8476972840",,"8476970103"
"sievert","Sievert Electric",,"G & W ELECTRIC CO.","BLUE ISLAND","3500 W. 127TH ST.","BLUE ISLAND","IL",,"60408","7083885010",,"7083880755"
"sievert","Sievert Electric",,"CFC WIREFORMS","BATAVIA, IL.","1000 DOUGLAS RD.","BATAVIA","IL",,"60510","6308797515",,
"sievert","Sievert Electric",,"CITY OF PRINCETON","PRINCETON","2 S. MAIN","PRINCETON","IL",,,"3097863369",,
"sievert","Sievert Electric",,"TOWNSHIP H.S.","ROLLING MEADOWS H.S.","2121 S GOEBBERT RD.","ARLINGTON HEIGHTS","IL",,"60005","8477187600",,"8477187645"
"sievert","Sievert Electric",,"MAIN STEEL POLISHING","BARTLETT, IL.","802 E. DEVON AVE.","BARTLETT","IL",,"60103","8470000000",,
"sievert","Sievert Electric",,"TOBY PRECISION MFG.","ELK GROVE VILLAGE, IL.","1375 LUNT AVE.","ELK GROVE VILLAGE","IL",,"60007","8472285902",,"8472281599"
"sievert","Sievert Electric",,"APCO PACKAGING","BRIDGEVIEW","7500 W. 99TH PL.","BRIDGEVIEW","IL",,"60455","7084307333 x121",,
"sievert","Sievert Electric",,"APCO PACKAGING","BRIDGEVIEW","7500 W. 99TH PL.","BRIDGEVIEW","IL",,"60455","7084307333 x121",,
"sievert","Sievert Electric",,"HEIM","CHICAGO, IL.","6360 W. 73RD ST.","CHICAGO","IL",,"60638","7084967450",,"7080000000"
"sievert","Sievert Electric",,"LAKONE CO.","MONTGOMERY, IL.","1003 AUCUTT RD.","MONTGOMERY","IL",,"60538","6308924251",,
"sievert","Sievert Electric",,"JIMMY DIESEL","LAGRANGE, IL.","550 S. EAST AVE.","LAGRANGE","IL",,"60525","7084824500",,"7084824511"
"sievert","Sievert Electric",,"VILLAGE OF NORTHBROOK","NORTHBROOK, IL.","750 DUNDEE RD.","NORTHBROOK","IL",,"60062","8474800686",,
"sievert","Sievert Electric",,"QA PRODUCTS","ELK GROVE VILLAGE, IL.","1301 MARK STREET","ELK GROVE VILLAGE","IL",,"60007","8472383523",,
"sievert","Sievert Electric",,"CORN PRODUCTS INTL","BEDFORD PARK, IL.","6400 ARCHER ROAD","BEDFORD PARK","IL",,"60501","7085633513",,"7085635391"
"sievert","Sievert Electric",,"OVERTON GEAR","ADDISON, IL.","530 S. WESTGATE","ADDISON","IL",,"60101","6305439570",,
"sievert","Sievert Electric",,"ALDI INC.","OAK CREEK, WI.","9342 S. 13TH ST.","OAK CREEK","WI",,"63154","4145701860 x132",,
"sievert","Sievert Electric",,"KANE COUNTY DIV. OF","ST. CHARLES, IL.","41W011 BURLINGTON ROAD","ST. CHARLES","IL",,"60175","6305841170",,"6305845265"
"sievert","Sievert Electric",,"CLOROX","MINOOKA","50 INTERNATIONAL PKWY","MINOOKA","IL",,"60447","8155213791",,
"sievert","Sievert Electric",,"ALDI INC.","DWIGHT, IL.","1 ALDI DR.","DWIGHT","IL",,"60402","8159416020",,
"sievert","Sievert Electric",,"INTERNATIONAL PETRO","HAMMOND, IND.","1745 E. 165TH ST.","HAMMOND","IN",,"46320","2199325000",,
"sievert","Sievert Electric",,"ROCK - TENN","BOLINGBROOK, IL.","365 CROSSING RD.","BOLINGBROOK","IL",,"60440","6300000000",,
"sievert","Sievert Electric",,"MECALUX","MELROSE PARK","1600 N. 25TH AVE.","MELROSE PARK","IL",,"60160","7085144555",,
"sievert","Sievert Electric",,"TOWN AND COUNTRY DIST.","ITASCA","1050 ARDMORE","ITASCA","IL",,"60143","6302500590",,
"sievert","Sievert Electric",,"CENTRAL CAN COMPANY","ANNUAL","3200 S. KILBOURN AVE.","CHICAGO","IL",,"50523","7732548700",,"7732549127"
"sievert","Sievert Electric",,"NALCO CHEMCIAL","CHICAGO, IL.","6216 W 66TH PL.","CHICAGO","IL",,"60638","7084965181",,
"sievert","Sievert Electric",,"NALCO CHEMCIAL","NAPERVILLE, IL.","1601 W. DIEHL RD.","NAPERVILLE","IL",,"60563","6303059662",,
"sievert","Sievert Electric",,"HUNTER PANELS","FRANKLIN PARK, IL.","9201 BELMONT AVE.","FRNAKLIN PARK","IL",,"60638","8476872535",,"5707181734"
"sievert","Sievert Electric",,"SCHOLLE PACKAGING","NORTHLAKE, IL.","200 W. NORTH AVE.","NORTHLAKE","IL",,"60164","7085627290",,"7088363672"
"sievert","Sievert Electric",,"SONOCO PRODUCTS","WEST CHICAGO, IL.","1500 POWIS RD.","WEST CHCIAGO","IL",,"60185","6302318100",,
"sievert","Sievert Electric",,"SIEVERT ELECTRIC SALES AND SRV","FOREST PARK, IL.","1230 S. HANNAH AVE.","FOREST PARK","IL",,"60130","7087711600",,"7087712539"
"sievert","Sievert Electric",,"PEPPER CONSTRUCTION","931 S. HOMAN AVE.","931 S. HOMAN AVE","CHICAGO","IL",,"60010","8473812760",,"8473046510"
"sievert","Sievert Electric",,"PEOPLE'S GAS","PEOPLE GAS/ KILBOURN","1250 S. KILBOURN","CHICAGO","IL",,"6623","7735427867",,
"sievert","Sievert Electric",,"PEPPERIDGE FARMS INC.","PEPPERIDGE/DOWNERS","230 2ND STREET","DOWNERS GROVE","IL",,"60515","6302416372",,
"sievert","Sievert Electric",,"PACTIV","PACTIV/BRIDGEVIEW","741 S. 78TH AVENUE","BRIDGEVIEW","IL",,"60455","8006161012",,
"sievert","Sievert Electric",,"PLITEK INC.","PLITEK/DES PLAINES","69 RAWLS ROAD","DES PLAINES","IL",,"60018","8478276680",,
"sievert","Sievert Electric",,"PARKER HANNIFIN","PARKER HANNIFIN","500 S. WOLF RD.","DES PLAINES","IL",,"60016","8472942690",,
"sievert","Sievert Electric",,"PERFORMANCE STAMPING","PERFORMANCE STAMPING","20 LAKE MARION ROAD","CARPENTERSVILLE","IL",,"60110","8474262233",,
"sievert","Sievert Electric",,"PEOPLE'S ENERGY","PEOPLES ENERGY/CHICAGO","38 W. 64TH STREET","CHICAGO","IL",,"60621","7734573572",,
"sievert","Sievert Electric",,"PENTAIR ELECTRONIC PKG. CO.","PENTAIR-DES PLAINES","2001 S. MT. PROSPECT ROAD","DES PLAINES","IL",,"60018","8478134040",,
"sievert","Sievert Electric",,"VILLAGE OF PLEASANT PRAIRIE","PLEASANT PRAIRIE","8600 GREEN BAY ROAD","PLEASANT PRAIRIE","WI",,"53158","2626941403",,
"sievert","Sievert Electric",,"PEOPLE'S GAS","PEOPLES GAS/DIVISION STREET","1241 W. DIVISION STREET","CHICAGO","IL",,"60622","7733957480",,
"sievert","Sievert Electric",,"PLAINFIELD MOLDING","PLAINFIELD MOLDING","24035 RIVERWALK CT.","PLAINFIELD","IL",,"60544","8154365671",,
"sievert","Sievert Electric",,"SPECIALTY CONSTRUCTION BRANDS","SPECIALTY/PALATINE","315 S. HICKS ROAD","PALATINE","IL",,"60067","8477764421",,
"sievert","Sievert Electric",,"SPARTECH PLASTICS","SPARTECH/ TAYLORVILLE","2100 S. SPRESSER","TAYLORVILLE","IL",,"62568","2172875700",,
"sievert","Sievert Electric",,"CONAGRA FOODS","SPICE-TEC/CAROL STREAM","185 ALEXANDRIA WAY","CAROL STREAM","IL",,"60188","6306825600",,
"sievert","Sievert Electric",,"TOPY PRECISION MFG.","TOPY/ELK GROVE","1375 LUNT AVENUE","ELK GROVE","IL",,"60007","8472285902",,
"sievert","Sievert Electric",,"TIE & TRACK SYSTEMS","TIE &TRACK/LEMONT","12300 S. NEW AVENUE","LEMONT","IL",,"60439","6302576004",,
"sievert","Sievert Electric",,"TAYLOR CHAIN COMPANY","TAYLOR/EAST CHICAGO","PO BOX 481","EAST CHICAGO","IN",,"46312","2199322220",,
"sievert","Sievert Electric",,"DU PAGE MACHINE  PRODUCTS","DUPAGE MACHINE/BLOOMINGDALE","311 LONGVIEW","BLOOMINGDALE","IL",,"60108","6306905400",,
"sievert","Sievert Electric",,"VIKING MATERIAL","VIKINING'FRANKLIN","3434 POWELL STREET","FRANKLIN PARK","IL",,"60131","8474513527",,
"sievert","Sievert Electric",,"MATRIX TOOLING INC.","WOODALE, IL.","949 A.E.C. DRIVE","WOODALE","IL",,"60191","6305956144",,
"sievert","Sievert Electric",,"CTA - LINDEN SHOP","LINDEN SHOP","349 LINDEN AVE.","WILMETTE","IL",,"60691","8479825012",,
"sievert","Sievert Electric",,"CTA-HOWARD SHOP","HOWARD SHOP","7750 N. HASKINS","CHICAGO","IL",,"60626","8479825012",,
"sievert","Sievert Electric",,"CTA-ROSEMONT SHOP","ROSEMONT SHOP","5700 N. RIVER RD.","ROSEMONT","IL",,"60018","8479825012",,
"sievert","Sievert Electric",,"CTA-KIMBALL SHOP","KIMBALL SHOP","3369 W. LAWRENCE AVE.","CHICAGO","IL",,"60625","8479825012",,
"sievert","Sievert Electric",,"CTA-54THST. SHOP","54TH ST. SHOP","2150 S. 54TH AVE.","CICERO","IL",,"60804","8479825012",,
"sievert","Sievert Electric",,"CTA-MIDWAY SHOP","MIDWAY SHOP","5601 S. KILPATRICK","CHICAGO","IL",,"60628","8479825012",,
"sievert","Sievert Electric",,"CTA-RACINE SHOP","RACINE SHOP","6320 S. RACINE AVE.","CHICAGO","IL",,"60636","8479825012",,
"sievert","Sievert Electric",,"CTA-98THST. SHOP","98TH ST. SHOP","9802 S. STATE ST.","CHICAGO","IL",,"60628","8479825012",,
"sievert","Sievert Electric",,"CTA-HARLEM SHOP","HARLEM SHOP","1 S. HARLEM","FOREST PARK","IL",,"61030","8479825012",,
"sievert","Sievert Electric",,"CTA-DESPLAINES SHOP","DESPLAINES SHOP","711 S. DESPLAINES AVE.","FOREST PARK","IL",,"60130","8479825012",,
"sievert","Sievert Electric",,"CHICAGO METAL FAB.","CHICAGO","3724 S. ROCKWELL ST.","CHICAGO","IL",,"60632","7735235755",,
"sievert","Sievert Electric",,"ALBERTO CULVER","MELROSE PARK","2525 ARMITAGE","MELROSE PARK","IL",,"60160","7084502821",,
"sievert","Sievert Electric",,"FLINT GROUP","BATAVIA","1333 N. KIRK RD.","BATAVIA","IL",,"60510","6307426287",,
"sievert","Sievert Electric",,"POLLARD BROTHERS","CHICAGO","5504 N. NORTHWEST HWY.","CHICAGO","IL",,"60630","7737636868",,
"sievert","Sievert Electric",,"O&K AMERICAN","MISL.","4630 W. 55TH ST.","CHICAGO","IL",,"60632","7737672500",,
"sievert","Sievert Electric",,"PLANO MOLDING","MENDOTA","1800 HUME DRIVE","MENDOTA","IL",,"61342","6305523111 x9364",,
"sievert","Sievert Electric",,"PLANO MOLDING","SANDWICH","500 DUVICK AVE.","SANDWICH","IL",,"60504","8157863331",,
"sievert","Sievert Electric",,"PLANO MOLDING","PLANO","431 E. SOUTH ST.","PLANO","IL",,"60545","6305523111",,
"sievert","Sievert Electric",,"SKF USA.INC.","ELGIN","900 N. STATE ST.","ELGIN","IL",,"60123","8477427840",,
"sievert","Sievert Electric",,"B.P.CORP.","NAPERVILLE ADDER","150 W. WARRENVILLE","NAPERVILLE","IL",,,"6304205971",,
"sievert","Sievert Electric",,"INLAND ELECTRIC","LAGRANGE","340 WASHINGTON ST.","LAGRANGE","IL",,"60429","7084823050",,
"sievert","Sievert Electric",,"CROSSBOW INDUSTRIAL WATER","GLENWOOD","320 W. 194TH ST.","GLENWOOD","IL",,"60425","7087542550",,
"sievert","Sievert Electric",,"SONOCO PRODUCTS","SONOCO-ADD ON","1500 POWIS RD","WEST CHICAGO","IL",,"60185","6302318100",,
"sievert","Sievert Electric",,"FORMCO METAL PRODUCTS","WOOD DALE","556 CLAYTON CT.","WOOD DALE","IL",,"60191","6307664441",,
"sievert","Sievert Electric",,"DESPLAINES GLASS","DESPLAINES","962 LEE ST.","DESPLAINES","IL",,"60016","8472982727",,
"sievert","Sievert Electric",,"VILLAGE OF ROLLING MEADOWS","PARK DISTRICT","3900 BERDNICK ST.","ROLLING MEADOWS","IL",,"60008","8478702884",,
"sievert","Sievert Electric",,"PARAGON MFG.","MELROSE PK.","2001 N. 15TH AVE.","MELROSE PARK","IL",,"60160","7083451717",,
"sievert","Sievert Electric",,"ICON MATERIAL CRAFT","WOOD DALE","940 DILLON DR.","WOOD DALE","IL",,"60191","6307665600 x118",,
"sievert","Sievert Electric",,"AGGREKO INC.","LEMONT, IL.","16748 NEW AVE.","LEMONT","IL",,"60439","6302578480",,
"sievert","Sievert Electric",,"ABBOTT LABS","NORTH CHICAGO","1401 SHERIDAN RD.","NORTH CHICAGO","IL",,"60064","8479382853",,
"sievert","Sievert Electric",,"RELIANT ENERGY","UNIT#2 &3 TURBINE","2909 N. EOLA RD.","AURORA","IL",,"60504","6308209634",,
"sievert","Sievert Electric",,"VILLAGE OF MUNDELEIN","PUBLIC WORKS","428 N. CHICAGO AVE.","MUNDELEIN","IL",,"60060","8479493200 x3271",,
"sievert","Sievert Electric",,"OLD CASTLE GLASS","BENSENVILLE","1001 FOSTER AVE.","BENSENVILLE","IL",,"60106","6305953750",,
"sievert","Sievert Electric",,"ILLCO","ELK GROVE VILLAGE","780 LIVELY BLVD.","ELK GROVE VILLAGE","IL",,"60007","8472281200",,
"sievert","Sievert Electric",,"T S DISTRIBUTORS","MELROSE PARK","2033 N. 17TH AVE.","MELROSE PARK","IL",,"60160","7085743583",,
"sievert","Sievert Electric",,"KOFLO CORP.","CARY","309 CARY POINT DR","CARY","IL",,"60013","8475163700",,
"sievert","Sievert Electric",,"ITW HI-CONE","ITASCA","1140 W. BRYN MAWR AVE","ITASCA","IL",,"60143","6304385300",,
"sievert","Sievert Electric",,"DU PAGE MACHINE  PRODUCTS","GLENDALE HEIGHTS","311 LONGVIEW DR..","BLOOMINGDALE","IL",,"60108","6306905400",,
"sievert","Sievert Electric",,"VILLAGE OF WAUCONDA","SLOCUM LAKE RD.","302 SLOCUM LAKE RD.","WAUCONDA","IL",,"60084","9479028472",,
"sievert","Sievert Electric",,"PANDUIT CORP.","ROMEOVILLE","1350 LAKESIDE DR.","ROMEOVILLE","IL",,"60446","6307597532",,
"sievert","Sievert Electric",,"SCOT INC.","DOWNERS GROVE","2525 CURTIS ST.","DOWNERS GROVE","IL",,"60515","9999999999",,
"sievert","Sievert Electric",,"SONOCO","ADD ON# 2","1500 POWIS RD","WEST CHICAGO","IL",,"60185","6302318100",,
"sievert","Sievert Electric",,"STONE DESIGN","GLENDALE HEIGHTS","551 MITCHELL RD.","GLENDALE HEIGHTS","IL",,"60139","6308655858",,
"sievert","Sievert Electric",,"CNH PARTS AND SERVICE","CAROL STREAM","245 E. NORTH AVE.","CAROL STREAM","IL",,"60188","6302349254",,
"sievert","Sievert Electric",,"JOHNSON POWER","BROADVIEW","2530 BRAGA DR.","BROADVIEW","IL",,"60155","7083454300",,
"sievert","Sievert Electric",,"GRINDAL CO.","ITASCA","1551 E. INDUSTRIAL DR.","ITASCA","IL",,"60143","6302508950",,
"sievert","Sievert Electric",,"LAFARGE INC.","NORTH AURORA","105 CONCO ST.","NORTH AURORA","IL",,"60542","6302647785",,
"sievert","Sievert Electric",,"WRIGLEY MFG.","YORKVILLE","2800 N. ROUTE 47","YORKVILLE","IL",,"60560","3126442121",,
"sievert","Sievert Electric",,"ARC INDUSTRIES","SCHAUMBURG","2020 HAMMOND DR.","SCHAUMBURG","IL",,"60173","8473035005",,
"sievert","Sievert Electric",,"MOLEX","LISLE","2222 WELLINGTON CT.","LISLE","IL",,"60532","6305274808",,
"sievert","Sievert Electric",,"VILLAGE OF BARTLETT","PUBLIC WORKS","1150 BITTERSWEET DR.","BARTLETT","IL",,"60103","6308370811",,
"sievert","Sievert Electric",,"PANDUIT CORP.","COSTA RICA","ZONA FRANCA CODIAO ZF 499502, ALAJUELA, COSTA RICA","**********","IL",,"60477","0",,
"sievert","Sievert Electric",,"CHICAGO TRANSIT AUTHORITY","WEST SHOPS,BAY 1--ADD ON","3900 W. MAYPOLE","CHICAGO","IL",,"60624","7737224631",,
"sievert","Sievert Electric",,"SWENSON SPREADER","LINDENWOOD","127 WALNUT ST","LINDENWOOD","IL",,"61049","8153934455",,
"sievert","Sievert Electric",,"CITY OF CHICAGO","FLEET MANAGEMENT","1585 N. THROOP","CHICAGO","IL",,"60622","3129070103",,
"sievert","Sievert Electric",,"CARBIT PAINT CO.","CHICAGO","927 W. BLACKHAWK ST.","CHICAGO","IL",,"60642","3122802300",,
"sievert","Sievert Electric",,"ANDREW CORP.","JOLIET","2700 ELLIS RD.","JOLIET","IL",,"60433","7794356330",,"7794358575"
"sievert","Sievert Electric",,"GLENSIDE FIRE DEPT.","GLENDALE HEIGHTS,IL","1608 BLOOMINGTON RD.","GLENDALE HEIGHTS","IL",,"60130","6306685323",,
"sievert","Sievert Electric",,"BAXTER HEALTHCARE CORP.","ROUND LAKE, IL.","RT. 120 & WILSON RD.","ROUND LAKE","IL",,"60073","8472704912",,"8472703956"
"sievert","Sievert Electric",,"CHICAGO SUN TIMES","ASHLAND AVE., ADD ON","2800 S. ASHLAND AVE","CHICAGO","IL",,"60608","7738907444",,
"sievert","Sievert Electric",,"BAXTER HEATH CARE C/O CBRE","ROUND LAKE CBRE","RT. 120 & WILSON RD.","ROUND LAKE","IL",,"-60073847","8472706610",,
"sievert","Sievert Electric",,"ECO-LAB","SOUTH BELOIT","HWY 251 & ROCKTON RD.","SOUTH BELOIT","IL",,"61080","7793680450",,
"sievert","Sievert Electric",,"BAXTER HEALTHCARE CORP.","ROUND LAKE PARK","30 S. PORTER DR.","ROUND LAKE PARK","IL",,"60073","8472704995",,
"sievert","Sievert Electric",,"APICS","BLOOMINGDALE","301 LONGVIEW","BLOOMINGDALE","IL",,"60108","6305202022",,"6305202022"
"sievert","Sievert Electric",,"HARMON INC","BOLINGBROOK","550 W. CROSSROADS PKWY.","BOLINGBROOK","IL",,"60440","6307598060",,
"sievert","Sievert Electric",,"FOREMAN TOOL & MOLD CORP.","ST. CHARLES","3850 SWENSON AVE.","ST. CHARLES","IL",,"60174","6303776389",,
"sievert","Sievert Electric",,"ACCURATE DISPERSIONS","SOUTH HOLLAND - ADD ON","189 W. 155TH ST.","SOUTH HOLLAND","IL",,"60473","0",,
"sievert","Sievert Electric",,"MOTION INDUSTRIES","39TH ST (1 OH CRN)","4901 W. 39TH ST","CHICAGO","IL",,"60804","7087806200",,
"sievert","Sievert Electric",,"MAHONEY ENVIRONMENTAL","JOLIET, ADD ON","2202 MOUND RD..","JOLIET","IL",,"60436","8157914156",,
"sievert","Sievert Electric",,"GLASS DEPOT","GRAND AVE.","4835 W. GRAND AVE.","CHICAGO","IL",,"60639","7734074665",,
"sievert","Sievert Electric",,"VILLAGE OF GURNEE","KILBOURN / GURNEE","1151 KILBOURN RD.","GURNEE","IL",,"60031","8475996881",,
"sievert","Sievert Electric",,"ALPHA PRODUCTS","CHICAGO","5570 W. 70TH PL.","CHICAGO","IL",,"60638","7085943883",,
"sievert","Sievert Electric",,"PHOENIX CLOSURES","AURORA","2580 PROSPECT CT.","AURORA","IL",,"60502","6304204755",,
"sievert","Sievert Electric",,"PROBUILD","HAMPSHIRE","255 INDUSTRIAL DR","HAMPSHIRE","IL",,"60140","5476837326",,
"sievert","Sievert Electric",,"INTERNATIONAL PETROLEUM CO.","HAMMOND-ADD ON","1745 E. 165TH ST.","HAMMOND","IN",,"46320","2199325000",,
"sievert","Sievert Electric",,"POMA MARBLE","ROSEMONT","9779 BERWYN AVE.","ROSEMONT","IL",,"60018","8473434464",,
"sievert","Sievert Electric",,"SHAW INDUSTRIES","ELGIN","2410 GALVIN DR","ELGIN","IL",,,"6309410700",,
"sievert","Sievert Electric",,"GREENBRIER RAIL SERVICES","CHICAGO HEIGHTS","1545 STATE ST.","CHICAGO HEIGHTS","IL",,"60411","7087576137",,
"sievert","Sievert Electric",,"THERMOFLEX CORP.","WAUKEGAN","1535 S. LAKESIDE DR.","WAUKEGAN","IL",,"60085","8474178614",,
"sievert","Sievert Electric",,"NESTLE,WILLY WONKA","ITASCA","1445 W. NORWOOD","ITASCA","IL",,"60143","6307732090 x269",,
"sievert","Sievert Electric",,"INDUSTRIAL FENCE INC.","KILBOURN / CHICAGO","1300 S. KILBOURN","CHICAGO","IL",,"60623","7736202829",,
"sievert","Sievert Electric",,"ALLWEST PLASTICS","ANTIOCH","606 DROM CT.","ANTIOCH","IL",,"60002","8478759775",,
"sievert","Sievert Electric",,"SEVENSON ENVIRONMENTAL","WEST CHICAGO","800 WEYRAUCH ST.","WEST CHICAGO","IL",,"60185","6302937926",,
"sievert","Sievert Electric",,"KYOWA","WHEELING","711 GLENN AVE.","WHEELING","IL",,"60090","8477364568",,
"sievert","Sievert Electric",,"SMF INC.","MINONK,IL.","P.O.BOX 157, 1550 INDUSTRIAL PARK LANE","MINONK","IL",,"61760","3094322586",,"3094322390"
"sievert","Sievert Electric",,"MERISANT CO.","MANTENO","1551 BOUDREAU RD.","MANTENO","IL",,"60950","8159292726",,
"sievert","Sievert Electric",,"SAGE PRODUCTS","CARY","3909 THREE OAKS RD.","CARY","IL",,"60013","8154554700",,
"sievert","Sievert Electric",,"U.S. POSTAL SERVICE","ELK GROVE VILLAGE","2591 BUSSE RD.","ELK GROVE VILLAGE","IL",,"60007","0",,
"sievert","Sievert Electric",,"MONSANTO","ASHTON-ADD ON","1990 RT. 38 WEST","ASHTON","IL",,"31006","8154532000",,
"sievert","Sievert Electric",,"GELITA","CALUMET CITY","10 WENTWORTH","CALUMET CITY","IL",,"60409","7087305561",,
"sievert","Sievert Electric",,"INTELLIGENT INTEGRATED SERVICE","NAPERVILLE","150 W. WARRENVILLE RD.","NAPERVILLE","IL",,"60563","6304205538",,
"sievert","Sievert Electric",,"PIERINI IRON WORKS","SAYRE / CHICAGO","6200 S. SAYRE","CHICAGO","IL",,"60638","0",,
"sievert","Sievert Electric",,"MORTON GROVE FIRE DEPT.","LINCOLN AVE..","6250 LINCOLN AVE.","MORTON GROVE","IL",,"60053","8474705226",,
"sievert","Sievert Electric",,"GE ZENITH CONTROLS","LIFTING DEVICES","830 W. 40TH ST.","CHICAGO","IL",,"60609","7732996773",,
"sievert","Sievert Electric",,"GE ZENITH CONTROLS","LIFTING DEVICES","830 W. 40TH ST.","CHICAGO","IL",,"60609","7732996773",,
"sievert","Sievert Electric",,"INNOVATIVE STONE","BEDFORD PARK","5001 W. 66TH ST.","BEDFORD PARK","IL",,"60638","7732411182",,
"sievert","Sievert Electric",,"VILLAGE OF CRETE","MELAINE LN","3740 MELAINE LN","CRETE","IL",,"60417","7086724650",,
"sievert","Sievert Electric",,"LYON WORKSPACE","MICHIGAN CITY","1000 BARKER AVE.","MICHIGAN CITY","IL",,"46360","2198727238 x45",,
"sievert","Sievert Electric",,"MAKRAY MFG. CO.","NORRIDGE","4400 N. HARLEM AVE.","NORRIDGE","IL",,"60706","7084567100",,
"sievert","Sievert Electric",,"ROOSEVELT PAPER","FOREST PARK","7801 W. INDUSTRIAL DR.","FOREST PARK","IL",,"60130","7087715300",,
"sievert","Sievert Electric",,"B.P.AMOCO N.A.","ADD ON MANUAL HOISTS","150 W. WARRENVILLE","NAPERVILLE","IL",,"60563","0",,
"sievert","Sievert Electric",,"JOHN G. SHEDD AQUARIUM","LAKE SHORE DRV.","1200 S. LAKE SHORE DRIVE","CHICAGO","IL",,"60605","3126923203",,
"sievert","Sievert Electric",,"JELLY BELLY CANDY CO.","NORTH CHICAGO","1501 MORROW AVE.","NORTH CHICAGO","IL",,"60064","8476899350",,
"sievert","Sievert Electric",,"VILLAGE OF HOMEWOOD","HOMEWOOD","17755 ASHLAND AVE.","HOMEWOOD","IL",,"60430","7084172951",,
"sievert","Sievert Electric",,"U.S. POSTAL SERVICE","CHICAGO BULK MAIN CENTER","7500 W. ROOSEVELT RD.","FOREST PARK","IL",,"60130","7085834422",,
"sievert","Sievert Electric",,"GENERAL MILLS","BATTERY HOISTS","915 E. PLEASANT","BELVIDERE","IL",,"61008","8155475311",,
"sievert","Sievert Electric",,"PARTEC INC.","FRANKLIN PARK","9301 W. BELMONT","FRANKLIN PARK","IL",,"60131","8472339679",,
"sievert","Sievert Electric",,"STERIGENICS INT'L INC.","GURNEE","1003 LAKESIDE DR.","GURNEE","IL",,"60031","8478332317",,
"sievert","Sievert Electric",,"CONGRESS DEVELOPMENT","HILLSIDE","4100 FRONTAGE RD.","HILLSIDE","IL",,"60162","0",,
"sievert","Sievert Electric",,"T H FOODS INC.","LOVES PARK","2154 HARLEM RD.","LOVES PARK","IL",,"61111","8156369500",,
"sievert","Sievert Electric",,"CITY OF WEST CHICAGO","LIFT STATION# 3","475 MAIN ST.","WEST CHICAGO","IL",,"60185","6307688871",,
"sievert","Sievert Electric",,"SIGNODE CORP.","BRIDGEVIEW","7701 W. 71ST ST.","BRIDGEVIEW","IL",,"60455","7084587320",,
"sievert","Sievert Electric",,"NESTLE,WILLY WONKA","ITASCA,NEW HOIST","1445 NORWOOD AVE.","ITASCA","IL",,"60143","6307732090 x208",,
"sievert","Sievert Electric",,"PANDUIT CORP.","GEORGIA","1819 ATLANTA HWY","CUMMING","GA",,"30040","7708891800 x7466",,
"sievert","Sievert Electric",,"RECON OPTICAL INC.","ROI HOISTS","550 W. NORTHWEST","BARRINGTON","IL",,"60010","8473812400",,
"sievert","Sievert Electric",,"MACSTEEL","TORRENCE AVE.","13535 S. TORRENCE AVE.","CHICAGO","IL",,"60633","7736468460",,
"sievert","Sievert Electric",,"MPR PLASTICS","ELGIN","1551 SCOTTSDALE CT.","ELGIN","IL",,"60123","8474689950",,
"sievert","Sievert Electric",,"ILF TECH.","ROMEOVILLE","1344 ENTERPRISE DR.","ROMEOVILLE","IL",,"60446","6307591776",,
"sievert","Sievert Electric",,"MAHONEY ENVIRONMENTAL","JOLIET","2202 MOUND RD.","JOLIET","IL",,"60436","8157419246",,
"sievert","Sievert Electric",,"DIESEL RADIATOR","ELK GROVE VILLAGE","2701 UNITED LANE","ELK GROVE VILLAGE","IL",,"60007","6306995300",,
